"title, publication, authors, date, year, month, url, content"
More ripples in state attorney's office follow Jussie Smollett case,www.foxnews.com,Republican1865,04-20-2019,2019,4,https://www.foxnews.com/us/more-ripples-in-state-attorneys-office-after-smollett-case#6d022a2d9e8201a84fecb3481fccaad5,"Two tiers of justice. The right way, and the ""Chicago"" way."
More ripples in state attorney's office follow Jussie Smollett case,www.foxnews.com,Bongosareprimatve,04-20-2019,2019,4,https://www.foxnews.com/us/more-ripples-in-state-attorneys-office-after-smollett-case#d030fd1ac843bd0ad27ec25be6a2261e,The obama race first way
More ripples in state attorney's office follow Jussie Smollett case,www.foxnews.com,obamakeepswinning,04-20-2019,2019,4,https://www.foxnews.com/us/more-ripples-in-state-attorneys-office-after-smollett-case#82536c49cae39d368885013d921d8794,And the Trump way. But the blue wave is on it
"Bongino: The more we find out about Avenatti, the creepier he becomes | On Air Videos",video.foxnews.com,foxnews.com,04-19-2019,2019,4,http://video.foxnews.com/v/6028129584001/,"Dan Bongino wraps up the most explosive news stories of the week on 'Tucker Carlson Tonight.'""> <meta name=""prism.channel"" content=""fnc"
More ripples in state attorney's office follow Jussie Smollett case,www.foxnews.com,LEATHERNECK49,04-20-2019,2019,4,https://www.foxnews.com/us/more-ripples-in-state-attorneys-office-after-smollett-case#f6679b642591a6e749f510b442906c2a,Isn't there a deep dive into this issue? I thought there was an ongoing investigation into this. I am sitting back awaiting the fallout of this failure of a system that has been plaguing Chicago. Let this be the straw that broke the camels back.
More ripples in state attorney's office follow Jussie Smollett case,www.foxnews.com,HaveBikeWillTravel789,04-20-2019,2019,4,https://www.foxnews.com/us/more-ripples-in-state-attorneys-office-after-smollett-case#eca7cb6e9e90c28affab843337d25d58,Keep up good face. Tears will be flowing soon. Own it you all lost.
Phil Knight on Tiger Woods’ 2019 Masters win: ‘Gave me goosebumps’ and ‘a few tears’,www.foxnews.com,Puddinhead48,04-19-2019,2019,4,https://www.foxnews.com/sports/phil-knight-on-tiger-woods-2019-masters-win-gave-me-goosebumps-and-a-few-tears#5e95930b4f00de9d955a928a74a03c00,"A Gentleman Sportsman, and a great one."
Phil Knight on Tiger Woods’ 2019 Masters win: ‘Gave me goosebumps’ and ‘a few tears’,www.foxnews.com,BillB92,04-19-2019,2019,4,https://www.foxnews.com/sports/phil-knight-on-tiger-woods-2019-masters-win-gave-me-goosebumps-and-a-few-tears#70db894770e9e1c92064513e7c7176e6,Liked how he shared the moment with his boy. We mess up in this life but the one thing that matters most is not screwing up with our kids.
Phil Knight on Tiger Woods’ 2019 Masters win: ‘Gave me goosebumps’ and ‘a few tears’,www.foxnews.com,lookinthesand,04-19-2019,2019,4,https://www.foxnews.com/sports/phil-knight-on-tiger-woods-2019-masters-win-gave-me-goosebumps-and-a-few-tears#ff7e9fb917c049f0a64832a15dae4ef9,The NFL could learn a lot from Tiger Woods.
Phil Knight on Tiger Woods’ 2019 Masters win: ‘Gave me goosebumps’ and ‘a few tears’,www.foxnews.com,Kasey37,04-19-2019,2019,4,https://www.foxnews.com/sports/phil-knight-on-tiger-woods-2019-masters-win-gave-me-goosebumps-and-a-few-tears#10097873df093c7c2e68a3a2fd1a2eb5,"Never seen so many top 10 players choking. Looked fishy to me. Great for golf . . unless of course, the fix was in, (like the Patriots march to the SB), which we will never know. Many 1st's for a major, including the MSM talking about the dude that won a cool 1.2 mil . . also never seen so many leaderboard hound dogs fighting to stand in line to shake his hand."
Phil Knight on Tiger Woods’ 2019 Masters win: ‘Gave me goosebumps’ and ‘a few tears’,www.foxnews.com,ssnchief414,04-19-2019,2019,4,https://www.foxnews.com/sports/phil-knight-on-tiger-woods-2019-masters-win-gave-me-goosebumps-and-a-few-tears#2eca78d213267231a352c6f870287a2d,Not when you're playing for those stakes.
Phil Knight on Tiger Woods’ 2019 Masters win: ‘Gave me goosebumps’ and ‘a few tears’,www.foxnews.com,AmericanAlways,04-19-2019,2019,4,https://www.foxnews.com/sports/phil-knight-on-tiger-woods-2019-masters-win-gave-me-goosebumps-and-a-few-tears#921261badd2d5553f6eaf8dd515c2140,Tiger Woods oriental heritage is showing. His mother can be proud.
Phil Knight on Tiger Woods’ 2019 Masters win: ‘Gave me goosebumps’ and ‘a few tears’,www.foxnews.com,ShineWittleWightShineAway,04-19-2019,2019,4,https://www.foxnews.com/sports/phil-knight-on-tiger-woods-2019-masters-win-gave-me-goosebumps-and-a-few-tears#be741efa9b29880d8cb227cd4c5be18c,"Yer kids need to see you at work. If you can get them a job working with you, when old enough...the fun begins. I'll bet Tiger's son will be with him regularly"
Phil Knight on Tiger Woods’ 2019 Masters win: ‘Gave me goosebumps’ and ‘a few tears’,www.foxnews.com,Joecommenter,04-19-2019,2019,4,https://www.foxnews.com/sports/phil-knight-on-tiger-woods-2019-masters-win-gave-me-goosebumps-and-a-few-tears#922c13d0f667f74b5f694f295e5757db,Congrats Tiger!
Phil Knight on Tiger Woods’ 2019 Masters win: ‘Gave me goosebumps’ and ‘a few tears’,www.foxnews.com,Redjac,04-19-2019,2019,4,https://www.foxnews.com/sports/phil-knight-on-tiger-woods-2019-masters-win-gave-me-goosebumps-and-a-few-tears#dc8eb3fd27e1de5d54e86e0e49a9919c,Golfers are such little girls it's unbelievable. It's a freaking game for cryin out loud!
Kentucky BBQ restaurant slammed for 'LGBTQ' shirts deemed offensive,www.foxnews.com,4SouthOregon,04-19-2019,2019,4,https://www.foxnews.com/food-drink/kentucky-bbq-restaurant-lgbtq-shirts#36937e555f1f3a56960aec1271774d90,"Run, don’t walk. Get these shirts copyrighted. You’ve struck proverbial gold here! And yea, I want to know how to buy a few."
Kentucky BBQ restaurant slammed for 'LGBTQ' shirts deemed offensive,www.foxnews.com,Capperino1,04-19-2019,2019,4,https://www.foxnews.com/food-drink/kentucky-bbq-restaurant-lgbtq-shirts#1ee700f3a4ba431d312bdad007e453cf,Great shirt for Earth Day: Front: Earth First Back: We'll mine the other planets later.
Kentucky BBQ restaurant slammed for 'LGBTQ' shirts deemed offensive,www.foxnews.com,Dryhumordad,04-19-2019,2019,4,https://www.foxnews.com/food-drink/kentucky-bbq-restaurant-lgbtq-shirts#54de2d3d5ccec9014ad3bb282607ddb8,"The next shirt they sell should say, ""1st remove pantie wad. 2nd enjoy BBQ."""
Kentucky BBQ restaurant slammed for 'LGBTQ' shirts deemed offensive,www.foxnews.com,pir8fan,04-19-2019,2019,4,https://www.foxnews.com/food-drink/kentucky-bbq-restaurant-lgbtq-shirts#07445a15c7c23013eaca84f199abc3b6,Love it. The alphabet people need to get over themselves.
Kentucky BBQ restaurant slammed for 'LGBTQ' shirts deemed offensive,www.foxnews.com,Daisy_Leaf,04-19-2019,2019,4,https://www.foxnews.com/food-drink/kentucky-bbq-restaurant-lgbtq-shirts#097ee85b9e2ab48c2b3511a0223476b5,Where can I buy one ?
Kentucky BBQ restaurant slammed for 'LGBTQ' shirts deemed offensive,www.foxnews.com,ProudWhiteNationalist!!,04-19-2019,2019,4,https://www.foxnews.com/food-drink/kentucky-bbq-restaurant-lgbtq-shirts#c5a1cb170295f5a421492ec21052fe69,I think its less than 1% for these whack jobs. We are doomed.
Kentucky BBQ restaurant slammed for 'LGBTQ' shirts deemed offensive,www.foxnews.com,HorseIips,04-19-2019,2019,4,https://www.foxnews.com/food-drink/kentucky-bbq-restaurant-lgbtq-shirts#42c24c435e72856c69ca436a60194e02,"I see that once again, the 96.4% is generously accommodating the different 3.6% in the name of freedom and individualism and other cherished American ideals."
Kentucky BBQ restaurant slammed for 'LGBTQ' shirts deemed offensive,www.foxnews.com,LiberalsGotTrumped,04-19-2019,2019,4,https://www.foxnews.com/food-drink/kentucky-bbq-restaurant-lgbtq-shirts#2a76ef2aae6ab3aae8aab4773eb8b900,Awesome shirt !!! They should also make a shirt that says... I support PETA People Eating Tasty Animals
Kentucky BBQ restaurant slammed for 'LGBTQ' shirts deemed offensive,www.foxnews.com,HorseIips,04-19-2019,2019,4,https://www.foxnews.com/food-drink/kentucky-bbq-restaurant-lgbtq-shirts#d28df229b40b1609e05fab23f86beeda,Head for the hills! No telling what they'll do next.
Kentucky BBQ restaurant slammed for 'LGBTQ' shirts deemed offensive,www.foxnews.com,matthewdavid2094,04-19-2019,2019,4,https://www.foxnews.com/food-drink/kentucky-bbq-restaurant-lgbtq-shirts#2315bf807a6833ec80b74c18971aee01,And you'd be whining like a little baby.
Kentucky BBQ restaurant slammed for 'LGBTQ' shirts deemed offensive,www.foxnews.com,MSgt_says,04-19-2019,2019,4,https://www.foxnews.com/food-drink/kentucky-bbq-restaurant-lgbtq-shirts#8d9e8c434f4ad5b099dc6195011b321e,I didn't realize that the liberal clown show had a trade mark on those letters.
Kentucky BBQ restaurant slammed for 'LGBTQ' shirts deemed offensive,www.foxnews.com,Dem-olish,04-19-2019,2019,4,https://www.foxnews.com/food-drink/kentucky-bbq-restaurant-lgbtq-shirts#16302d9d350a72251e3354fcecc22858,If it said “ F-Trump “ they’d be a happy bunch and buying up the shirts.
Kentucky BBQ restaurant slammed for 'LGBTQ' shirts deemed offensive,www.foxnews.com,PCenemy684,04-19-2019,2019,4,https://www.foxnews.com/food-drink/kentucky-bbq-restaurant-lgbtq-shirts#009084e2fdc5e1634953fda878ba0611,"Great shirt! It lists most of the top things that lefties hate while using the initials of the group at the top of their crazy intersectional hierarchy. Belle’s doesn’t need to be apologizing to these people, they’re the most hateful and nasty bullies out there."
Alabama alum and Chicago Bears defensive back Ha Ha Clinton-Dix has degree withheld over $1 debt,www.foxnews.com,GropeyJoe,04-19-2019,2019,4,https://www.foxnews.com/sports/alabama-chicago-bears-ha-ha-clinton-dix-dollar-debt#04e4158462871edcdf1075ba1bd4ad59,A name only mother ebonics could love.
Alabama alum and Chicago Bears defensive back Ha Ha Clinton-Dix has degree withheld over $1 debt,www.foxnews.com,SelfID'dAlien,04-19-2019,2019,4,https://www.foxnews.com/sports/alabama-chicago-bears-ha-ha-clinton-dix-dollar-debt#4f0ea5c14a9d27ff6517ec079a81a82f,"""While at Alabama, he was named an All-American in 2013 after leading the SEC with five interceptions. He left school after the 2012 season."" Interesting....sounds like an Alabama football player. He was named All-American in 2013 after leaving school after the 2012 season! I would assume he was named ALL-American in 2013 for his play in 2012, but that's not what the article says. The writer of this article also went to Alabama and got his/her degree in Underwater Journalism :)"
Alabama alum and Chicago Bears defensive back Ha Ha Clinton-Dix has degree withheld over $1 debt,www.foxnews.com,Surflaunch2,04-19-2019,2019,4,https://www.foxnews.com/sports/alabama-chicago-bears-ha-ha-clinton-dix-dollar-debt#daf9457cbbd32f5a9e3d96c2b45f679f,He left school in 2012. In seven years did the school ever actually contact him or send a bill for $1 ? Was he refusing to pay or did he just not know?
Alabama alum and Chicago Bears defensive back Ha Ha Clinton-Dix has degree withheld over $1 debt,www.foxnews.com,GropeyJoe,04-19-2019,2019,4,https://www.foxnews.com/sports/alabama-chicago-bears-ha-ha-clinton-dix-dollar-debt#b47a44aa0a52a64b105fccbc2f41d81f,He majored in Shiznittz
Alabama alum and Chicago Bears defensive back Ha Ha Clinton-Dix has degree withheld over $1 debt,www.foxnews.com,AdamAndrews,04-19-2019,2019,4,https://www.foxnews.com/sports/alabama-chicago-bears-ha-ha-clinton-dix-dollar-debt#2d6f4663eccff8bc0d8cb0c9b4468d1e,Just plain dumb.
Alabama alum and Chicago Bears defensive back Ha Ha Clinton-Dix has degree withheld over $1 debt,www.foxnews.com,KGrim,04-19-2019,2019,4,https://www.foxnews.com/sports/alabama-chicago-bears-ha-ha-clinton-dix-dollar-debt#8d1ebf3a92297744dd40ab3c7f078f93,Best name ever.
Alabama alum and Chicago Bears defensive back Ha Ha Clinton-Dix has degree withheld over $1 debt,www.foxnews.com,Google-was-my-idea,04-19-2019,2019,4,https://www.foxnews.com/sports/alabama-chicago-bears-ha-ha-clinton-dix-dollar-debt#39181e2ea28b8bfa24d12c5419699b4d,So I've been clicking around the internet trying to find out what major this clown actually got a degree in. Came up empty. Maybe it's in nuclear physics? Microbiology? Aeronautical engineering? It can't possibly be in basic English.
Alabama alum and Chicago Bears defensive back Ha Ha Clinton-Dix has degree withheld over $1 debt,www.foxnews.com,oldbippy999,04-19-2019,2019,4,https://www.foxnews.com/sports/alabama-chicago-bears-ha-ha-clinton-dix-dollar-debt#076c83428b3ed902e37eb8ad2b981e13,Cross him off the donor list. People hate petty stuff.
Alabama alum and Chicago Bears defensive back Ha Ha Clinton-Dix has degree withheld over $1 debt,www.foxnews.com,Google-was-my-idea,04-19-2019,2019,4,https://www.foxnews.com/sports/alabama-chicago-bears-ha-ha-clinton-dix-dollar-debt#4caec77ae1d6a0de04f04eb56039ed83,"""Ha Ha."" Exactly my response to him expecting to get his ""dah-gree."""
Alabama alum and Chicago Bears defensive back Ha Ha Clinton-Dix has degree withheld over $1 debt,www.foxnews.com,GropeyJoe,04-19-2019,2019,4,https://www.foxnews.com/sports/alabama-chicago-bears-ha-ha-clinton-dix-dollar-debt#bca649374e91bb11d0455d248dfe5cd1,He's just waiting for his Slavery Restitution Money!
Alabama alum and Chicago Bears defensive back Ha Ha Clinton-Dix has degree withheld over $1 debt,www.foxnews.com,zapp412,04-19-2019,2019,4,https://www.foxnews.com/sports/alabama-chicago-bears-ha-ha-clinton-dix-dollar-debt#ed6f6d6cb7b98676aadf10008ba7f09e,"Although I am sure it doesn't matter with two national championships on his resume, I wonder what HA HA majored in for his degree."
Alabama alum and Chicago Bears defensive back Ha Ha Clinton-Dix has degree withheld over $1 debt,www.foxnews.com,GropeyJoe,04-19-2019,2019,4,https://www.foxnews.com/sports/alabama-chicago-bears-ha-ha-clinton-dix-dollar-debt#1d2e39a995756fc7bd79b958a93905aa,Wuz Snoop Dog a colleague?
Romney says Mueller report left him ‘sickened at the extent and pervasiveness of dishonesty and misdirection’,www.foxnews.com,lash19,04-19-2019,2019,4,https://www.foxnews.com/politics/romney-says-mueller-report-left-him-sickened-at-the-extent-and-pervasiveness-of-dishonesty-and-misdirection#37354637918d411fd65078ddd5175b2c,Guess he would have preferred that there was Trump-Russian collusion.
Romney says Mueller report left him ‘sickened at the extent and pervasiveness of dishonesty and misdirection’,www.foxnews.com,clintoncrimesyndicate,04-19-2019,2019,4,https://www.foxnews.com/politics/romney-says-mueller-report-left-him-sickened-at-the-extent-and-pervasiveness-of-dishonesty-and-misdirection#fa268271b9d91b7fd6f74a1dfed741be,Where was Mitt from 2008-16?!
Romney says Mueller report left him ‘sickened at the extent and pervasiveness of dishonesty and misdirection’,www.foxnews.com,BarbaraJoanne540,04-19-2019,2019,4,https://www.foxnews.com/politics/romney-says-mueller-report-left-him-sickened-at-the-extent-and-pervasiveness-of-dishonesty-and-misdirection#39e3b9ecbada2dda48ca4be6a6047887,Come clean about Smith and Young and that history of which you must be aware and then we’ll talk. And stop stealing people's names after their death and disrespecting them by forcing them into your cult.
Romney says Mueller report left him ‘sickened at the extent and pervasiveness of dishonesty and misdirection’,www.foxnews.com,BobTheDeplorable041,04-19-2019,2019,4,https://www.foxnews.com/politics/romney-says-mueller-report-left-him-sickened-at-the-extent-and-pervasiveness-of-dishonesty-and-misdirection#e243ad402bf7035229c19a9235ede1bd,"Check you magic underwear, Mitt...they are soiled and stinking."
Romney says Mueller report left him ‘sickened at the extent and pervasiveness of dishonesty and misdirection’,www.foxnews.com,RWeGreatYet,04-19-2019,2019,4,https://www.foxnews.com/politics/romney-says-mueller-report-left-him-sickened-at-the-extent-and-pervasiveness-of-dishonesty-and-misdirection#79f4c543396d5fcc08a4c481ee1d9bb0,"According to Volume Two of the Mueller Report, Trump didn't successfully obstruct the Special Prosecutor's investigation, but he repeatedly tried to. You know... the exact thing Clinton was impeached for."
Romney says Mueller report left him ‘sickened at the extent and pervasiveness of dishonesty and misdirection’,www.foxnews.com,Philosifur,04-19-2019,2019,4,https://www.foxnews.com/politics/romney-says-mueller-report-left-him-sickened-at-the-extent-and-pervasiveness-of-dishonesty-and-misdirection#3e71ef3da25ed95e0c41f883ff528b64,I am sickened that Romney is sickened. Somebody get that guy a binky
Romney says Mueller report left him ‘sickened at the extent and pervasiveness of dishonesty and misdirection’,www.foxnews.com,UngaBunga,04-19-2019,2019,4,https://www.foxnews.com/politics/romney-says-mueller-report-left-him-sickened-at-the-extent-and-pervasiveness-of-dishonesty-and-misdirection#b9dc3778e57469951337f784dae9586e,Coming from a weak candidate that couldn't even close the deal in beating Obama. Now lashes out against the Republican President that is producing results is beyond reprehensible....
Romney says Mueller report left him ‘sickened at the extent and pervasiveness of dishonesty and misdirection’,www.foxnews.com,Black-Jack-Jolly-Rogers865,04-19-2019,2019,4,https://www.foxnews.com/politics/romney-says-mueller-report-left-him-sickened-at-the-extent-and-pervasiveness-of-dishonesty-and-misdirection#3ace1c9a962c736a6a866479a3ba030c,Autotune video on his Flip Flop lies on YOUTUBE.
Romney says Mueller report left him ‘sickened at the extent and pervasiveness of dishonesty and misdirection’,www.foxnews.com,63Danny,04-19-2019,2019,4,https://www.foxnews.com/politics/romney-says-mueller-report-left-him-sickened-at-the-extent-and-pervasiveness-of-dishonesty-and-misdirection#8acb4e30de1fa752edb515ceef35ca93,"We Republicans who voted for Romney were sickened by how he let Obama push him around. But, we had the class to not say it publicly."
Romney says Mueller report left him ‘sickened at the extent and pervasiveness of dishonesty and misdirection’,www.foxnews.com,inquery,04-19-2019,2019,4,https://www.foxnews.com/politics/romney-says-mueller-report-left-him-sickened-at-the-extent-and-pervasiveness-of-dishonesty-and-misdirection#756e4b606a51d84a383d1fb3315f360a,"Romney, your knowledge of past Presidents is embarrassing. So many were all too human. They misrepresented themselves to the public. Many did not follow the Constitution. What's worse some bad language maybe even lies in private compared to suspending habeas corpus. Also you could never understand unemployment. Now there is an abundance of jobs which has reduced unemployment and narrowed the gap between white unemployment and minority unemployment."
Romney says Mueller report left him ‘sickened at the extent and pervasiveness of dishonesty and misdirection’,www.foxnews.com,Whataboutwhataboutism,04-19-2019,2019,4,https://www.foxnews.com/politics/romney-says-mueller-report-left-him-sickened-at-the-extent-and-pervasiveness-of-dishonesty-and-misdirection#d85840a973b76053b8bdd9ecd7f194ee,Watching conservativism die
Romney says Mueller report left him ‘sickened at the extent and pervasiveness of dishonesty and misdirection’,www.foxnews.com,ArmchairAeronautics,04-19-2019,2019,4,https://www.foxnews.com/politics/romney-says-mueller-report-left-him-sickened-at-the-extent-and-pervasiveness-of-dishonesty-and-misdirection#c3e59f236e4e4a4e8a698b11164ed8d3,"Running unsuccessfully against Obama for part of it. From which state, I do not remember, too many of them."
Romney says Mueller report left him ‘sickened at the extent and pervasiveness of dishonesty and misdirection’,www.foxnews.com,3eyedhuman,04-19-2019,2019,4,https://www.foxnews.com/politics/romney-says-mueller-report-left-him-sickened-at-the-extent-and-pervasiveness-of-dishonesty-and-misdirection#fecf1bb61022584c4018a0eb835aa2de,"Those who predicted that Trump would be impeached after the mid terms and when that didn’t happen shifted to the Mueller report, need to face the facts. Trump has governed for 2+ years and most likely will serve as your President through 2024. You are all delusional."
Romney says Mueller report left him ‘sickened at the extent and pervasiveness of dishonesty and misdirection’,www.foxnews.com,Hoss_M,04-19-2019,2019,4,https://www.foxnews.com/politics/romney-says-mueller-report-left-him-sickened-at-the-extent-and-pervasiveness-of-dishonesty-and-misdirection#913e1b8fe9e6baaf798ac89fca611753,Poor Mitt..still sour about losing an election he should have won
Ralph Lauren debuts Polo shirts made from recycled plastic bottles,www.foxnews.com,repatriated,04-18-2019,2019,4,https://www.foxnews.com/lifestyle/ralph-lauren-polo-shirts-recycled-plastic-bottles-earth#e8dea8db3057a21a99ff670939567f24,"Yes they are very different processes, involving C. Your point doesn't invalidate his argument. Also plastic isnt removed from the environment, it's still here - in shirt form and C is still here in both cases."
DOJ calls Nadler subpoena for full Mueller report 'premature and unnecessary',www.foxnews.com,AmericanPrideForever728,04-20-2019,2019,4,https://www.foxnews.com/politics/doj-calls-nadler-subpoena-for-full-mueller-report-premature-and-unnecessary#58e4fd6a1268001f6322aaa74dc8b726,Next up: Mueller is called to the House for questions.
DOJ calls Nadler subpoena for full Mueller report 'premature and unnecessary',www.foxnews.com,gregostewart,04-20-2019,2019,4,https://www.foxnews.com/politics/doj-calls-nadler-subpoena-for-full-mueller-report-premature-and-unnecessary#8d7f5581656bff10a265acddab6ddf6b,yall notice 75% of fox pages comments are turned off
DOJ calls Nadler subpoena for full Mueller report 'premature and unnecessary',www.foxnews.com,Blb76,04-20-2019,2019,4,https://www.foxnews.com/politics/doj-calls-nadler-subpoena-for-full-mueller-report-premature-and-unnecessary#fdbe361bb9243f51ca752280d59d440c,Nadler and Schiff...Two silly jewish leftists still chasing the boogeyman.
DOJ calls Nadler subpoena for full Mueller report 'premature and unnecessary',www.foxnews.com,jsr0008,04-20-2019,2019,4,https://www.foxnews.com/politics/doj-calls-nadler-subpoena-for-full-mueller-report-premature-and-unnecessary#87d48f2fe7c5052625876c1fc3cb786c,Holder did the same thing: withhold documents subpoenaed by Congress. Didn't seem to bother Dems back then... lol
DOJ calls Nadler subpoena for full Mueller report 'premature and unnecessary',www.foxnews.com,Lizzie55555,04-20-2019,2019,4,https://www.foxnews.com/politics/doj-calls-nadler-subpoena-for-full-mueller-report-premature-and-unnecessary#4b838229207efe0c6826c4d8a4e28792,Dems now claim talking to a Russian is illegal.... Clinton’s has many discussions with Russians.... but they add the times Trump talked to a Russian and claimed it’s “ illegal” public education did this to our society ... dumbed them down
DOJ calls Nadler subpoena for full Mueller report 'premature and unnecessary',www.foxnews.com,scotchx2,04-20-2019,2019,4,https://www.foxnews.com/politics/doj-calls-nadler-subpoena-for-full-mueller-report-premature-and-unnecessary#d7263da57ebbeb10648678c5785032f7,These angry Dems are getting angrier each passing day. Keep up your true colors...
DOJ calls Nadler subpoena for full Mueller report 'premature and unnecessary',www.foxnews.com,BorisBlushforTrump,04-20-2019,2019,4,https://www.foxnews.com/politics/doj-calls-nadler-subpoena-for-full-mueller-report-premature-and-unnecessary#c94a2739584cd1d84ed9e537f719bc2b,"Trump approval drops 3 points to 2019 low after release of Mueller report: Reuters/Ipsos poll he number of Americans who approve of President Donald Trump dropped by 3 percentage points to the lowest level of the year following the release of a special counsel report detailing Russian interference in the last U.S. presidential election, 37% -- why so high hahahaha"
DOJ calls Nadler subpoena for full Mueller report 'premature and unnecessary',www.foxnews.com,nho2,04-20-2019,2019,4,https://www.foxnews.com/politics/doj-calls-nadler-subpoena-for-full-mueller-report-premature-and-unnecessary#dcf90bd64d5a05794a115b72f1ea436e,Sessions has to be subpoena as well! Ha ha ha with all of Trump's pals that left Trump's sinking ship!
DOJ calls Nadler subpoena for full Mueller report 'premature and unnecessary',www.foxnews.com,WashingtonLincolnReaganTrump,04-20-2019,2019,4,https://www.foxnews.com/politics/doj-calls-nadler-subpoena-for-full-mueller-report-premature-and-unnecessary#acbf49babb87ed949b1ff94db5555c7e,"LOL! The Democrat clowns are still in denial and still trying to overturn the 2016 election results, because they know damn well that the 2020 election results will be the same."
DOJ calls Nadler subpoena for full Mueller report 'premature and unnecessary',www.foxnews.com,Alex.Stein,04-20-2019,2019,4,https://www.foxnews.com/politics/doj-calls-nadler-subpoena-for-full-mueller-report-premature-and-unnecessary#5dc7c72e3421409920626148b93120c4,Rural white America is a disgrace and a national emergency. We need to build a wall around them to protect the productive elites in elite coastal cities.
DOJ calls Nadler subpoena for full Mueller report 'premature and unnecessary',www.foxnews.com,ProudKansan,04-20-2019,2019,4,https://www.foxnews.com/politics/doj-calls-nadler-subpoena-for-full-mueller-report-premature-and-unnecessary#dd1993762bf1e6c5c740d4af4f39ee49,Nadler looks like an escapee from the Muppet Show.
DOJ calls Nadler subpoena for full Mueller report 'premature and unnecessary',www.foxnews.com,RepublicanSandusky,04-20-2019,2019,4,https://www.foxnews.com/politics/doj-calls-nadler-subpoena-for-full-mueller-report-premature-and-unnecessary#adc7c6fc1e8d6950dcc56116959f8a91,"What always will amaze me about the right is the hatred against educated people. They bathe in the ignorance of Trump. If Obama were sitting all day watching tv, eating KFC, and tweeting they would have a brain aneurism."
"Michelle Williams and musician husband, Phil Elverum, split after less than a year of marriage: report",www.foxnews.com,YouJiveTurkey,04-20-2019,2019,4,https://www.foxnews.com/entertainment/michelle-williams-musician-husband-phil-elverum-split-after-less-than-a-year-of-marriage-report#03f255f3c3e576ee401e4f55243cedab,bummer?
"Michelle Williams and musician husband, Phil Elverum, split after less than a year of marriage: report",www.foxnews.com,Itisnotaboutyou,04-20-2019,2019,4,https://www.foxnews.com/entertainment/michelle-williams-musician-husband-phil-elverum-split-after-less-than-a-year-of-marriage-report#f911a6968563981b37ca03e7a23217c6,I'm sorry to hear of their split. We can't know what went wrong but it could be that one or both of them were still grieving the deaths of their previous partners. Marriage is hard enough without including the ghost(s) from your spouse's past.
"Michelle Williams and musician husband, Phil Elverum, split after less than a year of marriage: report",www.foxnews.com,DonnnyK,04-20-2019,2019,4,https://www.foxnews.com/entertainment/michelle-williams-musician-husband-phil-elverum-split-after-less-than-a-year-of-marriage-report#161e283d9130269c9d599794e01f593c,For better or worse....
"Michelle Williams and musician husband, Phil Elverum, split after less than a year of marriage: report",www.foxnews.com,YouJiveTurkey,04-20-2019,2019,4,https://www.foxnews.com/entertainment/michelle-williams-musician-husband-phil-elverum-split-after-less-than-a-year-of-marriage-report#fc78d46214704486ac1645400567f1fd,Women are great until you marry them.
"Michelle Williams and musician husband, Phil Elverum, split after less than a year of marriage: report",www.foxnews.com,YouJiveTurkey,04-20-2019,2019,4,https://www.foxnews.com/entertainment/michelle-williams-musician-husband-phil-elverum-split-after-less-than-a-year-of-marriage-report#1911c8b04a5558c34bfef421e5f4bef3,"LOL, true."
"Michelle Williams and musician husband, Phil Elverum, split after less than a year of marriage: report",www.foxnews.com,atreeowl,04-20-2019,2019,4,https://www.foxnews.com/entertainment/michelle-williams-musician-husband-phil-elverum-split-after-less-than-a-year-of-marriage-report#0c777aff4be06e4fe4ffb5c720a5fc5a,The house they lived in just wasn't big enough to handle two over blown egos.
"Michelle Williams and musician husband, Phil Elverum, split after less than a year of marriage: report",www.foxnews.com,ZombieSlayer67,04-20-2019,2019,4,https://www.foxnews.com/entertainment/michelle-williams-musician-husband-phil-elverum-split-after-less-than-a-year-of-marriage-report#aa294ee13682118be2996f954b08dd7f,Hollyweirdians are never satisfied
"Michelle Williams and musician husband, Phil Elverum, split after less than a year of marriage: report",www.foxnews.com,GINGERPEACH,04-20-2019,2019,4,https://www.foxnews.com/entertainment/michelle-williams-musician-husband-phil-elverum-split-after-less-than-a-year-of-marriage-report#a06928c55d2742880736ddc69ccacc33,"She looks like she has the type A personality and very uptight , where as artist cant live their lives that way they need to be free to explore . Hope she will find maybe a surgeon or attorney next time."
"Michelle Williams and musician husband, Phil Elverum, split after less than a year of marriage: report",www.foxnews.com,TnVol74,04-20-2019,2019,4,https://www.foxnews.com/entertainment/michelle-williams-musician-husband-phil-elverum-split-after-less-than-a-year-of-marriage-report#d6c98baf0f2359101d8a6d0ff8c2b9c7,"Celebrity types don't have wedding licenses, they sign short term lease agreements for cohabitation"
"Michelle Williams and musician husband, Phil Elverum, split after less than a year of marriage: report",www.foxnews.com,fotoman4u2,04-20-2019,2019,4,https://www.foxnews.com/entertainment/michelle-williams-musician-husband-phil-elverum-split-after-less-than-a-year-of-marriage-report#975fc2dbce67903c41dc8c29656a1121,Let me ask this question... Does anybody really care?
"Michelle Williams and musician husband, Phil Elverum, split after less than a year of marriage: report",www.foxnews.com,Mysideisalwaysright,04-20-2019,2019,4,https://www.foxnews.com/entertainment/michelle-williams-musician-husband-phil-elverum-split-after-less-than-a-year-of-marriage-report#72202dd5b98d869ea242790d55f123fa,"No but its better than the ""can you believe AOC just farted"" articles that appear on this website"
"Michelle Williams and musician husband, Phil Elverum, split after less than a year of marriage: report",www.foxnews.com,Mysideisalwaysright,04-20-2019,2019,4,https://www.foxnews.com/entertainment/michelle-williams-musician-husband-phil-elverum-split-after-less-than-a-year-of-marriage-report#1bf4b12f2532d4a56c10584203c44427,Then they bone other people and make them sign NDA's and pay them with campaign contributions.
Tucker: Democrats struggle to let go of collusion hoax | On Air Videos,video.foxnews.com,foxnews.com,04-19-2019,2019,4,http://video.foxnews.com/v/6028124823001/,CNN defends its collusion coverage.
Tammy Bruce: California Dems’ commitment to being official clown car of the Democratic Party continues,www.foxnews.com,MrIGotNews4U,04-19-2019,2019,4,https://www.foxnews.com/opinion/tammy-bruce-california-dems-commitment-to-being-official-clown-car-of-the-democratic-party-continues#d5eaa3d0960ea15bebb313052034a795,Another year of nothing accomplished thanks to the democrats and especially the blatantly ignorant democrat leadership and voters in California.
Tammy Bruce: California Dems’ commitment to being official clown car of the Democratic Party continues,www.foxnews.com,SurroundedByBlue,04-19-2019,2019,4,https://www.foxnews.com/opinion/tammy-bruce-california-dems-commitment-to-being-official-clown-car-of-the-democratic-party-continues#46d2263ff90076333fbfba003d0b584b,"Way to go California, you’re an example to us all...not!"
Tammy Bruce: California Dems’ commitment to being official clown car of the Democratic Party continues,www.foxnews.com,Trump_3Terms,04-19-2019,2019,4,https://www.foxnews.com/opinion/tammy-bruce-california-dems-commitment-to-being-official-clown-car-of-the-democratic-party-continues#cc2fc5b073ace338436b9b48332bd60c,and cow farts
Tammy Bruce: California Dems’ commitment to being official clown car of the Democratic Party continues,www.foxnews.com,1973TA,04-19-2019,2019,4,https://www.foxnews.com/opinion/tammy-bruce-california-dems-commitment-to-being-official-clown-car-of-the-democratic-party-continues#e290587ee15d4b4a3e2184784a31cf95,California should ban itself
Tammy Bruce: California Dems’ commitment to being official clown car of the Democratic Party continues,www.foxnews.com,ReddGreenn,04-19-2019,2019,4,https://www.foxnews.com/opinion/tammy-bruce-california-dems-commitment-to-being-official-clown-car-of-the-democratic-party-continues#0437770a96356feb56036033c2547e5c,What’s next. . .the little plastic airline liquor bottles? Stop the insanity.
Tammy Bruce: California Dems’ commitment to being official clown car of the Democratic Party continues,www.foxnews.com,Commdog,04-19-2019,2019,4,https://www.foxnews.com/opinion/tammy-bruce-california-dems-commitment-to-being-official-clown-car-of-the-democratic-party-continues#06dbabd844b76f50721eb52fec9f7882,Lets hope that Clown Car is Eco Friendly....Wouldn't want the Calif Dems getting upset over another issue.
Tammy Bruce: California Dems’ commitment to being official clown car of the Democratic Party continues,www.foxnews.com,chile10001751,04-19-2019,2019,4,https://www.foxnews.com/opinion/tammy-bruce-california-dems-commitment-to-being-official-clown-car-of-the-democratic-party-continues#1a790d391a2244a203b29a05c6a3874e,"""...The solution, California says, is for hotels and resorts to install refillable dispensers in bathrooms..."" That's pretty creepy. People should not be trusting that the person there before them was a decent person. Flashback to the something about mary hair gel."
Tammy Bruce: California Dems’ commitment to being official clown car of the Democratic Party continues,www.foxnews.com,ClamDigger,04-19-2019,2019,4,https://www.foxnews.com/opinion/tammy-bruce-california-dems-commitment-to-being-official-clown-car-of-the-democratic-party-continues#e92484ab72aea90e3c067468d486d60a,"California is, perhaps, the most beautiful state in the union yet is methodically being ruined & destroyed by liberals. I become elated by the stunning coastline & forests ~ but have the wind knocked out of me by the ignorant politicians who are not for the people, but desire only to become Hollywood images. They elevate illegals & ignore the needs of local citizens. If illegals don't finish them off, perhaps a major earthquake will wake them up."
Tammy Bruce: California Dems’ commitment to being official clown car of the Democratic Party continues,www.foxnews.com,thund3rb1rd,04-19-2019,2019,4,https://www.foxnews.com/opinion/tammy-bruce-california-dems-commitment-to-being-official-clown-car-of-the-democratic-party-continues#57d4e8845374ad7f7540f5f23d9f6544,And yet they keep getting elected. I'm starting to wonder if the voters are the real problem here.
Tammy Bruce: California Dems’ commitment to being official clown car of the Democratic Party continues,www.foxnews.com,JoeFriday99,04-19-2019,2019,4,https://www.foxnews.com/opinion/tammy-bruce-california-dems-commitment-to-being-official-clown-car-of-the-democratic-party-continues#61485ff535455981d28fdfeafe57c189,"""Where are we going, Fred?"" ""Well, Martha, you know those plastic shampoo bottles from the hotel? I'm driving over to the beach to fling them into the ocean."""
Tammy Bruce: California Dems’ commitment to being official clown car of the Democratic Party continues,www.foxnews.com,Mark797,04-19-2019,2019,4,https://www.foxnews.com/opinion/tammy-bruce-california-dems-commitment-to-being-official-clown-car-of-the-democratic-party-continues#6e61154e4e5dcf259c31d4e016b244d5,Liberals in general are nuttier then a fruit cake. The ones in N.Y. and California need to be thrown into the ocean...with cement shoes on.
Tammy Bruce: California Dems’ commitment to being official clown car of the Democratic Party continues,www.foxnews.com,T120,04-19-2019,2019,4,https://www.foxnews.com/opinion/tammy-bruce-california-dems-commitment-to-being-official-clown-car-of-the-democratic-party-continues#42ff169904766e1470b926d1ec96d32f,"You love the state, but want it to be destroyed. Makes sense."
Disneyland Paris walkway closed to guests after protesters litter Main Street section,www.foxnews.com,JoeCoomenter,03-31-2019,2019,3,https://www.foxnews.com/travel/disneyland-paris-entrance-closed-to-guests-after-protesters-litter-main-street#32b556905719ed2b9c66261ad6694356,"Hey Disney Paris, we've got 100,000 people a month coming here for work who could use a job and would work for that amount of pay. All you have to do is round them up and ship them over. Solve a problem for both of us."
How 'Assassin's Creed' could help rebuilding efforts at Notre Dame,www.foxnews.com,Tingleringle,04-19-2019,2019,4,https://www.foxnews.com/tech/how-assassins-creed-could-help-rebuilding-efforts-at-notre-dame#966a8b4316c86e05ab19757e5a81c365,"How so? Diversion from what? Trump derangement syndrome. You must know by now that one mans junk is another mans treasure. If you don't like the story, go back to what you like."
How 'Assassin's Creed' could help rebuilding efforts at Notre Dame,www.foxnews.com,crask,04-19-2019,2019,4,https://www.foxnews.com/tech/how-assassins-creed-could-help-rebuilding-efforts-at-notre-dame#7fd7e4b239481b8501457af3c5b35b83,"Lol, Fox News actually deletes my comments when I say the religion of the people who burned this Cathedral down. Fox News is turning left wing people. Within a short number of years, Fox News will be loyal to the Democrat agenda. You all need to be looking for alternative news sources. I suggest independent ones all over the internet."
Trey Gowdy: Mueller report release 'resolved nothing;' 2020 will deliver 'verdict',www.foxnews.com,fmfltlnmchn1976,04-20-2019,2019,4,https://www.foxnews.com/politics/trey-gowdy-mueller-report-release-resolved-nothing2020-will-deliver-verdict#456c352afb338c20ae3c6cf27afbf76c,The best people don't want the job. you can't get anything done due to all the fighting. Too many ego driven personalities afraid of losing money and power. not interested in doing what is best but more are interested in their agenda.
Trey Gowdy: Mueller report release 'resolved nothing;' 2020 will deliver 'verdict',www.foxnews.com,mamatrucker,04-20-2019,2019,4,https://www.foxnews.com/politics/trey-gowdy-mueller-report-release-resolved-nothing2020-will-deliver-verdict#76b7b8899eabad5ee35fafeac1f33de6,He grilled Clinton for 11 hours and all he got was embarrassed.
Trey Gowdy: Mueller report release 'resolved nothing;' 2020 will deliver 'verdict',www.foxnews.com,mamatrucker,04-20-2019,2019,4,https://www.foxnews.com/politics/trey-gowdy-mueller-report-release-resolved-nothing2020-will-deliver-verdict#015ea51caff93c2af5296bd050277540,Possibly too independent. Trump needs his Roy Cohn.
Trey Gowdy: Mueller report release 'resolved nothing;' 2020 will deliver 'verdict',www.foxnews.com,comfortably_numb,04-20-2019,2019,4,https://www.foxnews.com/politics/trey-gowdy-mueller-report-release-resolved-nothing2020-will-deliver-verdict#01095338759e747bc38c31a5b974a7fe,"He's got a mind like a steel trap, nothing gets past him, one of my favorite politicians. (and I don't have many)"
Trey Gowdy: Mueller report release 'resolved nothing;' 2020 will deliver 'verdict',www.foxnews.com,Pudd'nheadWilson,04-20-2019,2019,4,https://www.foxnews.com/politics/trey-gowdy-mueller-report-release-resolved-nothing2020-will-deliver-verdict#e9968c5ad329dc4718d7ad17282fa7cc,Was the dark of the moon on the sixth of June In a Kenworth pullin' logs Cab-over Pete with a reefer on And a Jimmy haulin' hogs Keep on truckin' mama. Then get real and join us in reshaping the GOP. The dems have left us behind in their march way left.
